{"sane": true, "normalizes": true, "range": true, "log_prob": -1136.3738037776202, "avg_log_prob": -2.27274760755524, "perplexity": 9.706032578944603}