{"sane": true, "normalizes": true, "range": true, "log_prob": -1046.6281559015624, "avg_log_prob": -2.093256311803125, "perplexity": 8.111285080014477}