{"sane": true, "normalizes": true, "range": true, "log_prob": -1212.2398030236363, "avg_log_prob": -2.4244796060472726, "perplexity": 11.296349337549636}